freq,df,disp,d(v_f)
1845,20,1465.065792,23.8457969469106
1992,20,1537.855872,23.8768245521939
2153,20,1549.18876706796,19.803879097716
2253,20,1557.62869970149,21.7291200667284
2495,20,1530.73900927152,19.3032574101778
2966,20,1505.62156010959,20.3322125533311
3232,20,1559.47232,19.9463958805865
3597,20,1528.59168,29.9691405848662
4200,20,1511.05267572816,15.0952903248634
